{
  "name": "clndr",
  "title": "CLNDR",
  "description": "CLNDR is a calendar plugin that uses HTML templates, allowing you to write custom markup and styles that have access to useful calendar data.",
  "keywords": ["calendar", "ui", "date", "punkave"],
  "version": "1.2.7",
  "author": {
    "name": "Kyle Stetz",
    "url": "https://github.com/kylestetz"
  },
  "maintainers": [
    {
      "name": "Kyle Stetz",
      "email": "kyle@punkave.com",
      "url": "http://punkave.com"
    }
  ],
  "licenses": [
    {
      "type": "MIT",
      "url": "https://github.com/kylestetz/CLNDR/LICENSE.md"
    }
  ],
  "bugs": "https://github.com/kylestetz/CLNDR/issues",
  "homepage": "http://kylestetz.github.io/CLNDR/",
  "docs": "https://github.com/kylestetz/CLNDR",
  "download": "https://github.com/kylestetz/CLNDR",
  "dependencies": {
    "jquery": ">=1.9",
    "moment": ">=2.8.3"
  }
}